{
    "velocimeters": [
        {
            "scale_and_alignment": [
                1.0,
                0.0,
                0.0,
                0.0,
                1.0,
                0.0,
                0.0,
                0.0,
                1.0
            ],
            "noise_variance":0.0001,
            "extrinsics":{
                "T": [
                    -0.30,
                    -1.37,
                    0.18
                ],
                "T_variance": [
                    9.9999999999e-7,
                    9.9999999999e-7,
                    9.9999999999e-7
                ],
                "W": [
                    0.0,
                    0.0,
                    0.0
                ],
                "W_variance": [
                    9.999999999e-5,
                    9.999999999e-5,
                    9.999999999e-5
                ]
            }

        },
        {
            "scale_and_alignment": [
                1.0,
                0.0,
                0.0,
                0.0,
                1.0,
                0.0,
                0.0,
                0.0,
                1.0
            ],
            "noise_variance":0.0001,
            "extrinsics":{
                "T": [
                    0.30,
                    -1.37,
                    0.18
                ],
                "T_variance": [
                    9.9999999999e-7,
                    9.9999999999e-7,
                    9.9999999999e-7
                ],
                "W": [
                    0.0,
                    0.0,
                    0.0
                ],
                "W_variance": [
                    9.999999999e-5,
                    9.999999999e-5,
                    9.999999999e-5
                ]
            }
        }
    ]
}